metric,iterations,warmup_iterations,batch_size,p50_ms,p90_ms,p99_ms,mean_ms,memory_overhead_mb,raw_memory_delta_mb,gc_available,timing_floor_ms
Verification Latency,10000,1000,100,0.0030554200000000266,0.003649579999999979,0.006249169999999964,0.0031586996000000003,0.1964111328125,0.1964111328125,false,0.001
Replay Latency,10000,1000,100,0.0028933299999999917,0.0030212500000000374,0.0038179200000000436,0.002839503499999995,0,-0.41834259033203125,false,0.001
Trust-Escalation Latency,10000,1000,100,0.001,0.001,0.001,0.0010000000000000007,0.02399444580078125,0.02399444580078125,false,0.001
Containment Activation Latency,10000,1000,100,0.001,0.001,0.001,0.0010000000000000007,0,-0.4236602783203125,false,0.001